Location,Time,WindSpeed
"1.000000, 2.000000",2024-06-10T20:00:00Z,6.700000
